가로,세로,단위,기본가격,추가금액
30,0,cm,"3,500원",+0원
31,0,cm,"3,500원",+400원
32,0,cm,"3,500원",+400원
33,0,cm,"3,500원",+400원
35,0,cm,"3,500원",+400원
36,0,cm,"3,500원",+400원
37,0,cm,"3,500원",+400원
38,0,cm,"3,500원",+400원
39,0,cm,"3,500원",+400원
40,0,cm,"3,500원",+400원
41,0,cm,"3,500원",+900원
42,0,cm,"3,500원",+900원
43,0,cm,"3,500원",+900원
44,0,cm,"3,500원",+900원
45,0,cm,"3,500원",+900원
46,0,cm,"3,500원",+900원
47,0,cm,"3,500원",+900원
48,0,cm,"3,500원",+900원
49,0,cm,"3,500원",+900원
50,0,cm,"3,500원",+900원
51,0,cm,"3,500원","+1,900원"
52,0,cm,"3,500원","+1,900원"
53,0,cm,"3,500원","+1,900원"
54,0,cm,"3,500원","+1,900원"
55,0,cm,"3,500원","+1,900원"
56,0,cm,"3,500원","+1,900원"
57,0,cm,"3,500원","+1,900원"
58,0,cm,"3,500원","+1,900원"
59,0,cm,"3,500원","+1,900원"
60,0,cm,"3,500원","+1,900원"
61,0,cm,"3,500원","+2,900원"
62,0,cm,"3,500원","+2,900원"
63,0,cm,"3,500원","+2,900원"
64,0,cm,"3,500원","+2,900원"
65,0,cm,"3,500원","+2,900원"
66,0,cm,"3,500원","+2,900원"
67,0,cm,"3,500원","+2,900원"
68,0,cm,"3,500원","+2,900원"
69,0,cm,"3,500원","+2,900원"
70,0,cm,"3,500원","+2,900원"
71,0,cm,"3,500원","+3,400원"
72,0,cm,"3,500원","+3,400원"
73,0,cm,"3,500원","+3,400원"
74,0,cm,"3,500원","+3,400원"
75,0,cm,"3,500원","+3,400원"
76,0,cm,"3,500원","+3,400원"
77,0,cm,"3,500원","+3,400원"
78,0,cm,"3,500원","+3,400원"
79,0,cm,"3,500원","+3,400원"
80,0,cm,"3,500원","+3,400원"
81,0,cm,"3,500원","+4,400원"
82,0,cm,"3,500원","+4,400원"
83,0,cm,"3,500원","+4,400원"
84,0,cm,"3,500원","+4,400원"
85,0,cm,"3,500원","+4,400원"
86,0,cm,"3,500원","+4,400원"
87,0,cm,"3,500원","+4,400원"
88,0,cm,"3,500원","+4,400원"
89,0,cm,"3,500원","+4,400원"
90,0,cm,"3,500원","+4,400원"
91,0,cm,"3,500원","+5,400원"
92,0,cm,"3,500원","+5,400원"
93,0,cm,"3,500원","+5,400원"
94,0,cm,"3,500원","+5,400원"
95,0,cm,"3,500원","+5,400원"
96,0,cm,"3,500원","+5,400원"
97,0,cm,"3,500원","+5,400원"
98,0,cm,"3,500원","+5,400원"
99,0,cm,"3,500원","+5,400원"
100,0,cm,"3,500원","+5,400원"
101,0,cm,"3,500원","+6,900원"
102,0,cm,"3,500원","+6,900원"
103,0,cm,"3,500원","+6,900원"
104,0,cm,"3,500원","+6,900원"
105,0,cm,"3,500원","+6,900원"
106,0,cm,"3,500원","+6,900원"
107,0,cm,"3,500원","+6,900원"
108,0,cm,"3,500원","+6,900원"
109,0,cm,"3,500원","+6,900원"
110,0,cm,"3,500원","+6,900원"
111,0,cm,"3,500원","+7,900원"
112,0,cm,"3,500원","+7,900원"
113,0,cm,"3,500원","+7,900원"
114,0,cm,"3,500원","+7,900원"
115,0,cm,"3,500원","+7,900원"
116,0,cm,"3,500원","+7,900원"
117,0,cm,"3,500원","+7,900원"
118,0,cm,"3,500원","+7,900원"
119,0,cm,"3,500원","+7,900원"
120,0,cm,"3,500원","+7,900원"
121,0,cm,"3,500원","+8,900원"
122,0,cm,"3,500원","+8,900원"
123,0,cm,"3,500원","+8,900원"
124,0,cm,"3,500원","+8,900원"
125,0,cm,"3,500원","+8,900원"
126,0,cm,"3,500원","+8,900원"
127,0,cm,"3,500원","+8,900원"
128,0,cm,"3,500원","+8,900원"
129,0,cm,"3,500원","+8,900원"
130,0,cm,"3,500원","+8,900원"
131,0,cm,"3,500원","+9,900원"
132,0,cm,"3,500원","+9,900원"
133,0,cm,"3,500원","+9,900원"
134,0,cm,"3,500원","+9,900원"
135,0,cm,"3,500원","+9,900원"
136,0,cm,"3,500원","+9,900원"
137,0,cm,"3,500원","+9,900원"
138,0,cm,"3,500원","+9,900원"
139,0,cm,"3,500원","+9,900원"
140,0,cm,"3,500원","+9,900원"
141,0,cm,"3,500원","+11,400원"
142,0,cm,"3,500원","+11,400원"
143,0,cm,"3,500원","+11,400원"
144,0,cm,"3,500원","+11,400원"
145,0,cm,"3,500원","+11,400원"
146,0,cm,"3,500원","+11,400원"
147,0,cm,"3,500원","+11,400원"
148,0,cm,"3,500원","+11,400원"
149,0,cm,"3,500원","+11,400원"
150,0,cm,"3,500원","+11,400원"
151,0,cm,"3,500원","+13,400원"
152,0,cm,"3,500원","+13,400원"
153,0,cm,"3,500원","+13,400원"
154,0,cm,"3,500원","+13,400원"
155,0,cm,"3,500원","+13,400원"
156,0,cm,"3,500원","+13,400원"
157,0,cm,"3,500원","+13,400원"
158,0,cm,"3,500원","+13,400원"
159,0,cm,"3,500원","+13,400원"
160,0,cm,"3,500원","+13,400원"
161,0,cm,"3,500원","+15,400원"
162,0,cm,"3,500원","+15,400원"
163,0,cm,"3,500원","+15,400원"
164,0,cm,"3,500원","+15,400원"
165,0,cm,"3,500원","+15,400원"
166,0,cm,"3,500원","+15,400원"
167,0,cm,"3,500원","+15,400원"
168,0,cm,"3,500원","+15,400원"
169,0,cm,"3,500원","+15,400원"
170,0,cm,"3,500원","+15,400원"
171,0,cm,"3,500원","+17,400원"
172,0,cm,"3,500원","+17,400원"
173,0,cm,"3,500원","+17,400원"
174,0,cm,"3,500원","+17,400원"
175,0,cm,"3,500원","+17,400원"
176,0,cm,"3,500원","+17,400원"
177,0,cm,"3,500원","+17,400원"
178,0,cm,"3,500원","+17,400원"
179,0,cm,"3,500원","+17,400원"
180,0,cm,"3,500원","+17,400원"
181,0,cm,"3,500원","+19,400원"
182,0,cm,"3,500원","+19,400원"
183,0,cm,"3,500원","+19,400원"
184,0,cm,"3,500원","+19,400원"
185,0,cm,"3,500원","+19,400원"
186,0,cm,"3,500원","+19,400원"
187,0,cm,"3,500원","+19,400원"
188,0,cm,"3,500원","+19,400원"
189,0,cm,"3,500원","+19,400원"
190,0,cm,"3,500원","+19,400원"
191,0,cm,"3,500원","+21,400원"
192,0,cm,"3,500원","+21,400원"
193,0,cm,"3,500원","+21,400원"
194,0,cm,"3,500원","+21,400원"
195,0,cm,"3,500원","+21,400원"
196,0,cm,"3,500원","+21,400원"
197,0,cm,"3,500원","+21,400원"
198,0,cm,"3,500원","+21,400원"
199,0,cm,"3,500원","+21,400원"
200,0,cm,"3,500원","+21,400원"
201,0,cm,"3,500원","+23,400원"
202,0,cm,"3,500원","+23,400원"
203,0,cm,"3,500원","+23,400원"
204,0,cm,"3,500원","+23,400원"
205,0,cm,"3,500원","+23,400원"
206,0,cm,"3,500원","+23,400원"
207,0,cm,"3,500원","+23,400원"
208,0,cm,"3,500원","+23,400원"
209,0,cm,"3,500원","+23,400원"
210,0,cm,"3,500원","+23,400원"
211,0,cm,"3,500원","+25,400원"
212,0,cm,"3,500원","+25,400원"
213,0,cm,"3,500원","+25,400원"
214,0,cm,"3,500원","+25,400원"
215,0,cm,"3,500원","+25,400원"
216,0,cm,"3,500원","+25,400원"
217,0,cm,"3,500원","+25,400원"
218,0,cm,"3,500원","+25,400원"
219,0,cm,"3,500원","+25,400원"
220,0,cm,"3,500원","+25,400원"
221,0,cm,"3,500원","+28,400원"
222,0,cm,"3,500원","+28,400원"
223,0,cm,"3,500원","+28,400원"
224,0,cm,"3,500원","+28,400원"
225,0,cm,"3,500원","+28,400원"
226,0,cm,"3,500원","+28,400원"
227,0,cm,"3,500원","+28,400원"
228,0,cm,"3,500원","+28,400원"
229,0,cm,"3,500원","+28,400원"
230,0,cm,"3,500원","+28,400원"
231,0,cm,"3,500원","+31,400원"
232,0,cm,"3,500원","+31,400원"
233,0,cm,"3,500원","+31,400원"
234,0,cm,"3,500원","+31,400원"
235,0,cm,"3,500원","+31,400원"
236,0,cm,"3,500원","+31,400원"
237,0,cm,"3,500원","+31,400원"
238,0,cm,"3,500원","+31,400원"
239,0,cm,"3,500원","+31,400원"
240,0,cm,"3,500원","+31,400원"
0,30,cm,"3,500원",+0원
0,31,cm,"3,500원",(+400원)
0,32,cm,"3,500원",(+400원)
0,33,cm,"3,500원",(+400원)
0,34,cm,"3,500원",(+400원)
0,35,cm,"3,500원",(+400원)
0,36,cm,"3,500원",(+400원)
0,37,cm,"3,500원",(+400원)
0,38,cm,"3,500원",(+400원)
0,39,cm,"3,500원",(+400원)
0,40,cm,"3,500원",(+400원)
0,41,cm,"3,500원",(+900원)
0,42,cm,"3,500원",(+900원)
0,43,cm,"3,500원",(+900원)
0,44,cm,"3,500원",(+900원)
0,45,cm,"3,500원",(+900원)
0,46,cm,"3,500원",(+900원)
0,47,cm,"3,500원",(+900원)
0,48,cm,"3,500원",(+900원)
0,49,cm,"3,500원",(+900원)
0,50,cm,"3,500원",(+900원)
0,51,cm,"3,500원","(+1,900원)"
0,52,cm,"3,500원","(+1,900원)"
0,53,cm,"3,500원","(+1,900원)"
0,54,cm,"3,500원","(+1,900원)"
0,55,cm,"3,500원","(+1,900원)"
0,56,cm,"3,500원","(+1,900원)"
0,57,cm,"3,500원","(+1,900원)"
0,58,cm,"3,500원","(+1,900원)"
0,59,cm,"3,500원","(+1,900원)"
0,60,cm,"3,500원","(+1,900원)"
0,61,cm,"3,500원","(+2,900원)"
0,62,cm,"3,500원","(+2,900원)"
0,63,cm,"3,500원","(+2,900원)"
0,64,cm,"3,500원","(+2,900원)"
0,65,cm,"3,500원","(+2,900원)"
0,66,cm,"3,500원","(+2,900원)"
0,67,cm,"3,500원","(+2,900원)"
0,68,cm,"3,500원","(+2,900원)"
0,69,cm,"3,500원","(+2,900원)"
0,70,cm,"3,500원","(+2,900원)"
0,71,cm,"3,500원","(+3,400원)"
0,72,cm,"3,500원","(+3,400원)"
0,73,cm,"3,500원","(+3,400원)"
0,74,cm,"3,500원","(+3,400원)"
0,75,cm,"3,500원","(+3,400원)"
0,76,cm,"3,500원","(+3,400원)"
0,77,cm,"3,500원","(+3,400원)"
0,78,cm,"3,500원","(+3,400원)"
0,79,cm,"3,500원","(+3,400원)"
0,80,cm,"3,500원","(+3,400원)"
0,81,cm,"3,500원","(+4,400원)"
0,82,cm,"3,500원","(+4,400원)"
0,83,cm,"3,500원","(+4,400원)"
0,84,cm,"3,500원","(+4,400원)"
0,85,cm,"3,500원","(+4,400원)"
0,86,cm,"3,500원","(+4,400원)"
0,87,cm,"3,500원","(+4,400원)"
0,88,cm,"3,500원","(+4,400원)"
0,89,cm,"3,500원","(+4,400원)"
0,90,cm,"3,500원","(+4,400원)"
0,91,cm,"3,500원","(+5,400원)"
0,92,cm,"3,500원","(+5,400원)"
0,93,cm,"3,500원","(+5,400원)"
0,94,cm,"3,500원","(+5,400원)"
0,95,cm,"3,500원","(+5,400원)"
0,96,cm,"3,500원","(+5,400원)"
0,97,cm,"3,500원","(+5,400원)"
0,98,cm,"3,500원","(+5,400원)"
0,99,cm,"3,500원","(+5,400원)"
0,100,cm,"3,500원","(+5,400원)"
0,101,cm,"3,500원","(+6,900원)"
0,102,cm,"3,500원","(+6,900원)"
0,103,cm,"3,500원","(+6,900원)"
0,104,cm,"3,500원","(+6,900원)"
0,105,cm,"3,500원","(+6,900원)"
0,106,cm,"3,500원","(+6,900원)"
0,107,cm,"3,500원","(+6,900원)"
0,108,cm,"3,500원","(+6,900원)"
0,109,cm,"3,500원","(+6,900원)"
0,110,cm,"3,500원","(+6,900원)"
0,111,cm,"3,500원","(+7,900원)"
0,112,cm,"3,500원","(+7,900원)"
0,113,cm,"3,500원","(+7,900원)"
0,114,cm,"3,500원","(+7,900원)"
0,115,cm,"3,500원","(+7,900원)"
0,116,cm,"3,500원","(+7,900원)"
0,117,cm,"3,500원","(+7,900원)"
0,118,cm,"3,500원","(+7,900원)"
0,119,cm,"3,500원","(+7,900원)"
0,120,cm,"3,500원","(+7,900원)"
0,121,cm,"3,500원","(+8,900원)"
0,122,cm,"3,500원","(+8,900원)"
0,123,cm,"3,500원","(+8,900원)"
0,124,cm,"3,500원","(+8,900원)"
0,125,cm,"3,500원","(+8,900원)"
0,126,cm,"3,500원","(+8,900원)"
0,127,cm,"3,500원","(+8,900원)"
0,128,cm,"3,500원","(+8,900원)"
0,129,cm,"3,500원","(+8,900원)"
0,130,cm,"3,500원","(+8,900원)"
0,131,cm,"3,500원","(+9,900원)"
0,132,cm,"3,500원","(+9,900원)"
0,133,cm,"3,500원","(+9,900원)"
0,134,cm,"3,500원","(+9,900원)"
0,135,cm,"3,500원","(+9,900원)"
0,136,cm,"3,500원","(+9,900원)"
0,137,cm,"3,500원","(+9,900원)"
0,138,cm,"3,500원","(+9,900원)"
0,139,cm,"3,500원","(+9,900원)"
0,140,cm,"3,500원","(+9,900원)"
0,141,cm,"3,500원","(+11,400원)"
0,142,cm,"3,500원","(+11,400원)"
0,143,cm,"3,500원","(+11,400원)"
0,144,cm,"3,500원","(+11,400원)"
0,145,cm,"3,500원","(+11,400원)"
0,146,cm,"3,500원","(+11,400원)"
0,147,cm,"3,500원","(+11,400원)"
0,148,cm,"3,500원","(+11,400원)"
0,149,cm,"3,500원","(+11,400원)"
0,150,cm,"3,500원","(+11,400원)"
0,151,cm,"3,500원","(+13,400원)"
0,152,cm,"3,500원","(+13,400원)"
0,153,cm,"3,500원","(+13,400원)"
0,154,cm,"3,500원","(+13,400원)"
0,155,cm,"3,500원","(+13,400원)"
0,156,cm,"3,500원","(+13,400원)"
0,157,cm,"3,500원","(+13,400원)"
0,158,cm,"3,500원","(+13,400원)"
0,159,cm,"3,500원","(+13,400원)"
0,160,cm,"3,500원","(+13,400원)"
0,161,cm,"3,500원","(+15,400원)"
0,162,cm,"3,500원","(+15,400원)"
0,163,cm,"3,500원","(+15,400원)"
0,164,cm,"3,500원","(+15,400원)"
0,165,cm,"3,500원","(+15,400원)"
0,166,cm,"3,500원","(+15,400원)"
0,167,cm,"3,500원","(+15,400원)"
0,168,cm,"3,500원","(+15,400원)"
0,169,cm,"3,500원","(+15,400원)"
0,170,cm,"3,500원","(+15,400원)"
0,171,cm,"3,500원","(+17,400원)"
0,172,cm,"3,500원","(+17,400원)"
0,173,cm,"3,500원","(+17,400원)"
0,174,cm,"3,500원","(+17,400원)"
0,175,cm,"3,500원","(+17,400원)"
0,176,cm,"3,500원","(+17,400원)"
0,177,cm,"3,500원","(+17,400원)"
0,178,cm,"3,500원","(+17,400원)"
0,179,cm,"3,500원","(+17,400원)"
0,180,cm,"3,500원","(+17,400원)"
0,181,cm,"3,500원","(+19,400원)"
0,182,cm,"3,500원","(+19,400원)"
0,183,cm,"3,500원","(+19,400원)"
0,184,cm,"3,500원","(+19,400원)"
0,185,cm,"3,500원","(+19,400원)"
0,186,cm,"3,500원","(+19,400원)"
0,187,cm,"3,500원","(+19,400원)"
0,188,cm,"3,500원","(+19,400원)"
0,189,cm,"3,500원","(+19,400원)"
0,190,cm,"3,500원","(+19,400원)"
0,191,cm,"3,500원","(+21,400원)"
0,192,cm,"3,500원","(+21,400원)"
0,193,cm,"3,500원","(+21,400원)"
0,194,cm,"3,500원","(+21,400원)"
0,195,cm,"3,500원","(+21,400원)"
0,196,cm,"3,500원","(+21,400원)"
0,197,cm,"3,500원","(+21,400원)"
0,198,cm,"3,500원","(+21,400원)"
0,199,cm,"3,500원","(+21,400원)"
0,200,cm,"3,500원","(+21,400원)"
0,201,cm,"3,500원","(+23,400원)"
0,202,cm,"3,500원","(+23,400원)"
0,203,cm,"3,500원","(+23,400원)"
0,204,cm,"3,500원","(+23,400원)"
0,205,cm,"3,500원","(+23,400원)"
0,206,cm,"3,500원","(+23,400원)"
0,207,cm,"3,500원","(+23,400원)"
0,208,cm,"3,500원","(+23,400원)"
0,209,cm,"3,500원","(+23,400원)"
0,210,cm,"3,500원","(+23,400원)"
0,211,cm,"3,500원","(+25,400원)"
0,212,cm,"3,500원","(+25,400원)"
0,213,cm,"3,500원","(+25,400원)"
0,214,cm,"3,500원","(+25,400원)"
0,215,cm,"3,500원","(+25,400원)"
0,216,cm,"3,500원","(+25,400원)"
0,217,cm,"3,500원","(+25,400원)"
0,218,cm,"3,500원","(+25,400원)"
0,219,cm,"3,500원","(+25,400원)"
0,220,cm,"3,500원","(+25,400원)"
0,221,cm,"3,500원","(+28,400원)"
0,222,cm,"3,500원","(+28,400원)"
0,223,cm,"3,500원","(+28,400원)"
0,224,cm,"3,500원","(+28,400원)"
0,225,cm,"3,500원","(+28,400원)"
0,226,cm,"3,500원","(+28,400원)"
0,227,cm,"3,500원","(+28,400원)"
0,228,cm,"3,500원","(+28,400원)"
0,229,cm,"3,500원","(+28,400원)"
0,230,cm,"3,500원","(+28,400원)"
0,231,cm,"3,500원","(+31,400원)"
0,232,cm,"3,500원","(+31,400원)"
0,233,cm,"3,500원","(+31,400원)"
0,234,cm,"3,500원","(+31,400원)"
0,235,cm,"3,500원","(+31,400원)"
0,236,cm,"3,500원","(+31,400원)"
0,237,cm,"3,500원","(+31,400원)"
0,238,cm,"3,500원","(+31,400원)"
0,239,cm,"3,500원","(+31,400원)"
0,240,cm,"3,500원","(+31,400원)"
0,241,cm,"3,500원","(+34,400원)"
0,242,cm,"3,500원","(+34,400원)"
0,243,cm,"3,500원","(+34,400원)"
0,244,cm,"3,500원","(+34,400원)"
0,245,cm,"3,500원","(+34,400원)"
0,246,cm,"3,500원","(+34,400원)"
0,247,cm,"3,500원","(+34,400원)"
0,248,cm,"3,500원","(+34,400원)"
0,249,cm,"3,500원","(+34,400원)"
0,250,cm,"3,500원","(+34,400원)"
0,251,cm,"3,500원","(+37,400원)"
0,252,cm,"3,500원","(+37,400원)"
0,253,cm,"3,500원","(+37,400원)"
0,254,cm,"3,500원","(+37,400원)"
0,255,cm,"3,500원","(+37,400원)"
0,256,cm,"3,500원","(+37,400원)"
0,257,cm,"3,500원","(+37,400원)"
0,258,cm,"3,500원","(+37,400원)"
0,259,cm,"3,500원","(+37,400원)"
0,260,cm,"3,500원","(+37,400원)"
0,261,cm,"3,500원","(+40,400원)"
0,262,cm,"3,500원","(+40,400원)"
0,263,cm,"3,500원","(+40,400원)"
0,264,cm,"3,500원","(+40,400원)"
0,265,cm,"3,500원","(+40,400원)"
0,266,cm,"3,500원","(+40,400원)"
0,267,cm,"3,500원","(+40,400원)"
0,268,cm,"3,500원","(+40,400원)"
0,269,cm,"3,500원","(+40,400원)"
0,270,cm,"3,500원","(+40,400원)"
0,271,cm,"3,500원","(+43,400원)"
0,272,cm,"3,500원","(+43,400원)"
0,273,cm,"3,500원","(+43,400원)"
0,274,cm,"3,500원","(+43,400원)"
0,275,cm,"3,500원","(+43,400원)"
0,276,cm,"3,500원","(+43,400원)"
0,277,cm,"3,500원","(+43,400원)"
0,278,cm,"3,500원","(+43,400원)"
0,279,cm,"3,500원","(+43,400원)"
0,280,cm,"3,500원","(+43,400원)"
